sample_id,dataset,task_type,input_1,input_2,choices,model_prediction
N001,CommonsenseQA,question_answering,I did not need a servant.  I was not a what?,,"{""label"": [""A"", ""B"", ""C"", ""D"", ""E""], ""text"": [""freedom"", ""rich person"", ""hired help"", ""in charge"", ""busy""]}",B
N002,CommonsenseQA,question_answering,Where would I not want a fox?,,"{""label"": [""A"", ""B"", ""C"", ""D"", ""E""], ""text"": [""hen house"", ""english hunt"", ""mountains"", ""outside bedroom window"", ""england""]}",A
N003,SST-2,sentiment_analysis,you do n't have to know about music to appreciate the film 's easygoing blend of comedy and romance .,,,positive
N004,SST-2,sentiment_analysis,overall the film feels like a low-budget tv pilot that could not find a buyer to play it on the tube .,,,negative
N005,SST-2,sentiment_analysis,the notion that bombing buildings is the funniest thing in the world goes entirely unexamined in this startlingly unfunny comedy .,,,negative
N006,SST-2,sentiment_analysis,"does n't offer much besides glib soullessness , raunchy language and a series of brutal set pieces ... that raise the bar on stylized screen violence .",,,negative
N007,SST-2,sentiment_analysis,"determined to be fun , and bouncy , with energetic musicals , the humor did n't quite engage this adult .",,,negative
N008,CommonsenseQA,question_answering,What would you be unable to do if you have too much greed?,,"{""label"": [""A"", ""B"", ""C"", ""D"", ""E""], ""text"": [""keep things"", ""make friends"", ""play poker"", ""conquer opponent"", ""lie""]}",B
N009,QNLI,natural_language_inference,What country has such unmanageable students that many teachers do not discipline them?,"In Japan, for example, although average attainment on standardized tests may exceed those in Western countries, classroom discipline and behavior is highly problematic.",,entailment
N010,CommonsenseQA,question_answering,Where is a likely place to store unused soap?,,"{""label"": [""A"", ""B"", ""C"", ""D"", ""E""], ""text"": [""cabinet"", ""supermarket"", ""jail"", ""butt"", ""own home""]}",A
N011,CommonsenseQA,question_answering,When you travel you should what in case of unexpected costs?,,"{""label"": [""A"", ""B"", ""C"", ""D"", ""E""], ""text"": [""go somewhere"", ""energy"", ""spend frivilously"", ""fly in airplane"", ""have money""]}",E
N012,CommonsenseQA,question_answering,"John was not happy with his marriage. He and his wife drifted apart.     All and all, recent turns could be described as what?",,"{""label"": [""A"", ""B"", ""C"", ""D"", ""E""], ""text"": [""inappropriate"", ""sadness"", ""unsatisfied"", ""unfortunate"", ""disenchanted""]}",D
N013,CommonsenseQA,question_answering,John rode on the plain until it reached the ocean and couldn't go any farther. What might he have bee on?,,"{""label"": [""A"", ""B"", ""C"", ""D"", ""E""], ""text"": [""mountain"", ""fancy"", ""sandplain"", ""cliff"", ""gorge""]}",C
N014,CommonsenseQA,question_answering,Name a location where you would not want to find mice.,,"{""label"": [""A"", ""B"", ""C"", ""D"", ""E""], ""text"": [""loft"", ""attic"", ""bell cat"", ""countryside"", ""laboratory""]}",B
N015,CommonsenseQA,question_answering,If i were to spit a lot without noticing i may have extra what?,,"{""label"": [""A"", ""B"", ""C"", ""D"", ""E""], ""text"": [""phlegm"", ""saliva nd mouth"", ""disease"", ""germs"", ""spittle""]}",B
N016,SST-2,sentiment_analysis,"for anyone unfamiliar with pentacostal practices in general and theatrical phenomenon of hell houses in particular , it 's an eye-opener .",,,positive
N017,CommonsenseQA,question_answering,"There was a long cottage somewhere.  People thought it was haunted.  It was overgrown, there was nothing near it.  It's was far into the what?",,"{""label"": [""A"", ""B"", ""C"", ""D"", ""E""], ""text"": [""mountains"", ""countryside"", ""train"", ""painting"", ""village""]}",B
N018,QNLI,natural_language_inference,Which measure must be adopted when there is a choice between several?,"The principle of proportionality is also recognised in Article 5 of the EC Treaty, stating that ""any action by the Community shall not go beyond what is necessary to achieve the objectives of this Treaty"".",,not_entailment
N019,SST-2,sentiment_analysis,"the most hopelessly monotonous film of the year , noteworthy only for the gimmick of being filmed as a single unbroken 87-minute take .",,,negative
N020,QNLI,natural_language_inference,What is another function that primes have that the number 1 does not?,"Furthermore, the prime numbers have several properties that the number 1 lacks, such as the relationship of the number to its corresponding value of Euler's totient function or the sum of divisors function.",,entailment
N021,SST-2,sentiment_analysis,"not only is undercover brother as funny , if not more so , than both austin powers films , but it 's also one of the smarter , savvier spoofs to come along in some time .",,,positive
N022,CommonsenseQA,question_answering,Where would you get a balalaika if you do not have one?,,"{""label"": [""A"", ""B"", ""C"", ""D"", ""E""], ""text"": [""orchestra"", ""music store"", ""buy music"", ""make music"", ""symphony""]}",B
N023,SST-2,sentiment_analysis,the talented and clever robert rodriguez perhaps put a little too much heart into his first film and did n't reserve enough for his second .,,,negative
N024,SST-2,sentiment_analysis,"because of an unnecessary and clumsy last scene , ` swimfan ' left me with a very bad feeling .",,,negative
N025,QNLI,natural_language_inference,Dendritic cells present antigens to what cells of the adaptive nervous system?,"They are named for their resemblance to neuronal dendrites, as both have many spine-like projections, but dendritic cells are in no way connected to the nervous system.",,not_entailment
N026,CommonsenseQA,question_answering,"John was a bit think in the head, but he knew that he never saw the lady before.  They were what?",,"{""label"": [""A"", ""B"", ""C"", ""D"", ""E""], ""text"": [""pay debts"", ""slender"", ""unacquainted"", ""free flowing"", ""sparse""]}",C
N027,SST-2,sentiment_analysis,"characters still need to function according to some set of believable and comprehensible impulses , no matter how many drugs they do or how much artistic license avary employs .",,,negative
N028,SST-2,sentiment_analysis,"well-nigh unendurable ... though the picture strains to become cinematic poetry , it remains depressingly prosaic and dull .",,,negative
N029,SST-2,sentiment_analysis,"it 's hard to like a film about a guy who is utterly unlikeable , and shiner , starring michael caine as an aging british boxing promoter desperate for a taste of fame and fortune , is certainly that .",,,negative
N030,QNLI,natural_language_inference,When did Luther introduce the new worship?,"Merciful God, what misery I have seen,"" Luther wrote, ""the common people knowing nothing at all of Christian doctrine ... and unfortunately many pastors are well-nigh unskilled and incapable of teaching.",,not_entailment
N031,SST-2,sentiment_analysis,"dragonfly has no atmosphere , no tension -- nothing but costner , flailing away .",,,negative
N032,SST-2,sentiment_analysis,"the film 's hackneyed message is not helped by the thin characterizations , nonexistent plot and pretentious visual style .",,,negative
N033,CommonsenseQA,question_answering,Where would stones not be arranged in a path?,,"{""label"": [""A"", ""B"", ""C"", ""D"", ""E""], ""text"": [""quarries"", ""field"", ""park"", ""bridge"", ""made from rocks""]}",A
N034,CommonsenseQA,question_answering,Where might an unused chess set be stored?,,"{""label"": [""A"", ""B"", ""C"", ""D"", ""E""], ""text"": [""toy store"", ""michigan"", ""living room"", ""attic"", ""cupboard""]}",D
N035,SST-2,sentiment_analysis,the plot convolutions ultimately add up to nothing more than jerking the audience 's chain .,,,negative
N036,QNLI,natural_language_inference,What is more often seen in root tip maristems?,"Chloroplasts do not normally develop from proplastids in root tip meristems—instead, the formation of starch-storing amyloplasts is more common.",,entailment
N037,SST-2,sentiment_analysis,"it 's not original , and , robbed of the element of surprise , it does n't have any huge laughs in its story of irresponsible cops who love to play pranks .",,,negative
N038,SST-2,sentiment_analysis,"try as i may , i ca n't think of a single good reason to see this movie , even though everyone in my group extemporaneously shouted , ` thank you ! '",,,negative
N039,SST-2,sentiment_analysis,the magic of the film lies not in the mysterious spring but in the richness of its performances .,,,positive
N040,SST-2,sentiment_analysis,"kinnear does n't aim for our sympathy , but rather delivers a performance of striking skill and depth .",,,positive
N041,SST-2,sentiment_analysis,"not the kind of film that will appeal to a mainstream american audience , but there is a certain charm about the film that makes it a suitable entry into the fest circuit .",,,positive
N042,SST-2,sentiment_analysis,it seems to me the film is about the art of ripping people off without ever letting them consciously know you have done so,,,negative
N043,SST-2,sentiment_analysis,"whaley 's determination to immerse you in sheer , unrelenting wretchedness is exhausting .",,,negative
N044,SST-2,sentiment_analysis,"... routine , harmless diversion and little else .",,,negative
N045,CommonsenseQA,question_answering,Where might the stapler be if I cannot find it?,,"{""label"": [""A"", ""B"", ""C"", ""D"", ""E""], ""text"": [""office building"", ""office supply store"", ""desk drawer"", ""with dwight"", ""desktop""]}",C
N046,CommonsenseQA,question_answering,"Sean was a wreck.  He  loved to build houses, but in his current state, he couldn't do what?",,"{""label"": [""A"", ""B"", ""C"", ""D"", ""E""], ""text"": [""stand up"", ""produce"", ""construct"", ""make"", ""build""]}",C
N047,SST-2,sentiment_analysis,serving sara does n't serve up a whole lot of laughs .,,,negative
N048,QNLI,natural_language_inference,What are malum prohibitum considerations?,"Some legal requirements come from malum in se considerations, or the desire to prevent things that are indisputably bad – bridge collapses or explosions.",,not_entailment
N049,QNLI,natural_language_inference,Where might a teacher teach that is not inside a building?,"In education, teachers facilitate student learning, often in a school or academy or perhaps in another environment such as outdoors.",,entailment
N050,SST-2,sentiment_analysis,"it 's clear the filmmakers were n't sure where they wanted their story to go , and even more clear that they lack the skills to get us to this undetermined destination .",,,negative
N051,SST-2,sentiment_analysis,made with no discernible craft and monstrously sanctimonious in dealing with childhood loss .,,,negative
N052,QNLI,natural_language_inference,Why did so many not approve of the bill?,"Opposition politicians, human rights groups, and nine Western countries criticised the security bill, arguing that it infringed on democratic freedoms.",,entailment
N053,CommonsenseQA,question_answering,If I want to watch a movie without leaving my home what might I use?,,"{""label"": [""A"", ""B"", ""C"", ""D"", ""E""], ""text"": [""drive in movie"", ""drive in movie"", ""television"", ""video store"", ""show""]}",C
N054,SST-2,sentiment_analysis,"this is not the undisputed worst boxing movie ever , but it 's certainly not a champion - the big loser is the audience .",,,negative
N055,SST-2,sentiment_analysis,"there 's really only one good idea in this movie , but the director runs with it and presents it with an unforgettable visual panache .",,,positive
N056,SST-2,sentiment_analysis,"about a manga-like heroine who fights back at her abusers , it 's energetic and satisfying if not deep and psychological .",,,positive
N057,CommonsenseQA,question_answering,What might happen if someone is not losing weight?,,"{""label"": [""A"", ""B"", ""C"", ""D"", ""E""], ""text"": [""loose skin"", ""beauty"", ""miss universe"", ""death"", ""healthier""]}",D
N058,SST-2,sentiment_analysis,"with virtually no interesting elements for an audience to focus on , chelsea walls is a triple-espresso endurance challenge .",,,negative
N059,CommonsenseQA,question_answering,"The child wasn't allowed in the kitchen but still wanted to help, what could it do to help in the dining room?",,"{""label"": [""A"", ""B"", ""C"", ""D"", ""E""], ""text"": [""set table"", ""form opinions"", ""make honey"", ""become adult"", ""gather flowers""]}",A
N060,CommonsenseQA,question_answering,What would a person do if they do not have any friends?,,"{""label"": [""A"", ""B"", ""C"", ""D"", ""E""], ""text"": [""talk to people"", ""try again"", ""fall asleep"", ""stand alone"", ""thank god""]}",D
N061,SST-2,sentiment_analysis,the film 's welcome breeziness and some unbelievably hilarious moments -- most portraying the idiocy of the film industry -- make it mostly worth the trip .,,,positive
N062,CommonsenseQA,question_answering,How can a human cross a river and not mess up their hair?,,"{""label"": [""A"", ""B"", ""C"", ""D"", ""E""], ""text"": [""wisconsin"", ""waterfall"", ""hatred"", ""bridge"", ""valley""]}",D
N063,SST-2,sentiment_analysis,a subject like this should inspire reaction in its audience ; the pianist does not .,,,negative
N064,SST-2,sentiment_analysis,"nicks , seemingly uncertain what 's going to make people laugh , runs the gamut from stale parody to raunchy sex gags to formula romantic comedy .",,,negative
N065,SST-2,sentiment_analysis,"for all the writhing and wailing , tears , rage and opium overdoses , there 's no sense of actual passion being washed away in love 's dissolution .",,,negative
N066,CommonsenseQA,question_answering,"Bob's only light source was a small bulb.  There were four walls, if there was a door he couldn't see it.  What was Bob in?",,"{""label"": [""A"", ""B"", ""C"", ""D"", ""E""], ""text"": [""closed room"", ""sky"", ""dard"", ""his grave"", ""house""]}",A
N067,CommonsenseQA,question_answering,"If a fried egg was runny and there was no toast to sop it up, after the meal there'd be a messy what?",,"{""label"": [""A"", ""B"", ""C"", ""D"", ""E""], ""text"": [""henhouse"", ""garden"", ""plate"", ""supermarket"", ""bird's nest""]}",C
N068,QNLI,natural_language_inference,What parts of plants have chloroplasts?,Not all cells in a multicellular plant contain chloroplasts.,,not_entailment
N069,CommonsenseQA,question_answering,There was no shade for Jenny.  She was forced to lie there exposed to what?,,"{""label"": [""A"", ""B"", ""C"", ""D"", ""E""], ""text"": [""full sunlight"", ""bright sunshine"", ""sunny place"", ""eat cake"", ""direct sunlight""]}",E
N070,SST-2,sentiment_analysis,"the x potion gives the quickly named blossom , bubbles and buttercup supernatural powers that include extraordinary strength and laser-beam eyes , which unfortunately do n't enable them to discern flimsy screenplays .",,,negative
N071,SST-2,sentiment_analysis,"in its best moments , resembles a bad high school production of grease , without benefit of song .",,,negative
N072,CommonsenseQA,question_answering,"He was beginning to worry they wouldn't get on the ride before closing, they had been standing in queue for a long what?",,"{""label"": [""A"", ""B"", ""C"", ""D"", ""E""], ""text"": [""frustration"", ""waiting"", ""hair"", ""time"", ""patience""]}",D
N073,SST-2,sentiment_analysis,"you wo n't like roger , but you will quickly recognize him .",,,negative
N074,CommonsenseQA,question_answering,Jim decided to lose weight.  He thought that exercise is the best way to lose weight because you can't get rid of what?,,"{""label"": [""A"", ""B"", ""C"", ""D"", ""E""], ""text"": [""need for food"", ""fitness"", ""sweating"", ""fastfood"", ""thirst""]}",A
N075,SST-2,sentiment_analysis,the script is n't very good ; not even someone as gifted as hoffman ( the actor ) can make it work .,,,negative
N076,CommonsenseQA,question_answering,"If you were looking for a blowfish, you wouldn't look on dry land, you'd look in a what?",,"{""label"": [""A"", ""B"", ""C"", ""D"", ""E""], ""text"": [""fish market"", ""jungle"", ""sea water"", ""body of water"", ""soup""]}",C
N077,CommonsenseQA,question_answering,If you spend all your time buying and not saving what is is likely to happen?,,"{""label"": [""A"", ""B"", ""C"", ""D"", ""E""], ""text"": [""using money"", ""feel better"", ""ocean"", ""losing money"", ""go broke""]}",E
N078,CommonsenseQA,question_answering,"James slamed into someone playing football, and not for the first time.  He was concerned about the consequences of many what?",,"{""label"": [""A"", ""B"", ""C"", ""D"", ""E""], ""text"": [""exhilaration"", ""interactions"", ""head injuries"", ""death"", ""having fun""]}",C
N079,QNLI,natural_language_inference,What remote control vehicle did he make?,"He also built a wireless controlled boat, one of the first ever exhibited.",,entailment
N080,SST-2,sentiment_analysis,not since freddy got fingered has a major release been so painful to sit through .,,,negative
N081,CommonsenseQA,question_answering,John didn't care about style.  He felt that form was less important than what?,,"{""label"": [""A"", ""B"", ""C"", ""D"", ""E""], ""text"": [""shapeless"", ""quality"", ""function"", ""change shape"", ""chaos""]}",C
N082,SST-2,sentiment_analysis,"passable entertainment , but it 's the kind of motion picture that wo n't make much of a splash when it 's released , and will not be remembered long afterwards .",,,negative
N083,CommonsenseQA,question_answering,Batman bought beer.  There were no bottles available.  He had to settle for what?.,,"{""label"": [""A"", ""B"", ""C"", ""D"", ""E""], ""text"": [""shelf"", ""soccer game"", ""keg"", ""can"", ""refrigerator""]}",D
N084,QNLI,natural_language_inference,What was the only region in Europe not conquered by the Germanic tribes?,"Although by 1000 CE, the Germanic conquest of central, western, and southern Europe (west of and including Italy) was complete, excluding only Muslim Iberia.",,entailment
N085,QNLI,natural_language_inference,What did the Mongol elites wish Buyantu didn't do?,"He was the first Yuan emperor to actively support and adopt mainstream Chinese culture after the reign of Kublai, to the discontent of some Mongol elite.",,entailment
N086,CommonsenseQA,question_answering,"If you have a home with a courtyard, what's one thing you probably don't have to care for any longer?",,"{""label"": [""A"", ""B"", ""C"", ""D"", ""E""], ""text"": [""lawn"", ""kids"", ""asshole"", ""spain"", ""office complex""]}",A
N087,SST-2,sentiment_analysis,"highbrow self-appointed guardians of culture need not apply , but those who loved cool as ice have at last found a worthy follow-up .",,,negative
N088,SST-2,sentiment_analysis,"inside the film 's conflict-powered plot there is a decent moral trying to get out , but it 's not that , it 's the tension that keeps you in your seat .",,,positive
N089,QNLI,natural_language_inference,What do unstable 6-carbon molecules become?,"The ATP and NADPH made in the light reactions is used to convert the 3-PGA into glyceraldehyde-3-phosphate, or G3P sugar molecules.",,not_entailment
N090,CommonsenseQA,question_answering,Where would you get a shower curtain if you do not have one?,,"{""label"": [""A"", ""B"", ""C"", ""D"", ""E""], ""text"": [""department store"", ""restaurant"", ""hotel"", ""dime store"", ""bathtub""]}",A
N091,CommonsenseQA,question_answering,"The surgeon's clients had begun to reduce, it seemed girls no longer want to what?",,"{""label"": [""A"", ""B"", ""C"", ""D"", ""E""], ""text"": [""reduction"", ""make larger"", ""augment"", ""gain weight"", ""expand""]}",C
N092,SST-2,sentiment_analysis,"the film contains no good jokes , no good scenes , barely a moment when carvey 's saturday night live-honed mimicry rises above the level of embarrassment .",,,negative
N093,SST-2,sentiment_analysis,"dull , lifeless , and amateurishly assembled .",,,negative
N094,SST-2,sentiment_analysis,"this is wild surreal stuff , but brilliant and the camera just kind of sits there and lets you look at this and its like you 're going from one room to the next and none of them have any relation to the other .",,,positive
N095,QNLI,natural_language_inference,What feature of the Amazon made people believe it couldn't have many inhabitants?,"Some 5 million people may have lived in the Amazon region in AD 1500, divided between dense coastal settlements, such as that at Marajó, and inland dwellers.",,not_entailment
N096,SST-2,sentiment_analysis,"... a story we have n't seen on the big screen before , and it 's a story that we as americans , and human beings , should know .",,,positive
N097,SST-2,sentiment_analysis,a hamfisted romantic comedy that makes our girl the hapless facilitator of an extended cheap shot across the mason-dixon line .,,,negative
N098,CommonsenseQA,question_answering,James couldn't get comfortable.  There was too much dirt.  He needed to clean out what?,,"{""label"": [""A"", ""B"", ""C"", ""D"", ""E""], ""text"": [""ground"", ""subway"", ""bank"", ""bed"", ""street""]}",D
N099,CommonsenseQA,question_answering,"Joan was a baby, so there were many things she couldn't do, which caused problems for her parents.  Name one thing that makes raising a baby difficult.",,"{""label"": [""A"", ""B"", ""C"", ""D"", ""E""], ""text"": [""arrive early"", ""learn to walk"", ""boy or girl"", ""bring joy"", ""talk nonsense""]}",B
N100,CommonsenseQA,question_answering,The table wasn't level.  some parts were higher and some were lower with no rhyme or reason.   It was very what?,,"{""label"": [""A"", ""B"", ""C"", ""D"", ""E""], ""text"": [""electrical circuit"", ""build evenly"", ""uneven"", ""unbalanced"", ""tilted""]}",C
N101,SST-2,sentiment_analysis,corpus collosum -- while undeniably interesting -- wore out its welcome well before the end credits rolled about 45 minutes in .,,,negative
N102,QNLI,natural_language_inference,Name a larger car that Toyota came up with as buyers lamented the small sized compacts?,"Some buyers lamented the small size of the first Japanese compacts, and both Toyota and Nissan (then known as Datsun) introduced larger cars such as the Toyota Corona Mark II, the Toyota Cressida, the Mazda 616 and Datsun 810, which added passenger space and amenities such as air conditioning, power steering, AM-FM radios, and even power windows and central locking without increasing the price of the vehicle.",,entailment
N103,SST-2,sentiment_analysis,"a spellbinding african film about the modern condition of rootlessness , a state experienced by millions around the globe .",,,positive
N104,SST-2,sentiment_analysis,"while ( hill ) has learned new tricks , the tricks alone are not enough to salvage this lifeless boxing film .",,,negative
N105,CommonsenseQA,question_answering,"They were kissing each other good bye, they had no worries because their relationship had a strong foundation of what?",,"{""label"": [""A"", ""B"", ""C"", ""D"", ""E""], ""text"": [""partner"", ""trust"", ""cooperation"", ""bricks"", ""herpes""]}",B
N106,CommonsenseQA,question_answering,What does a gambler do that causes him or her to be unhappy?,,"{""label"": [""A"", ""B"", ""C"", ""D"", ""E""], ""text"": [""play cards"", ""double winnings"", ""lose money"", ""play poker"", ""to win the prize""]}",C
N107,SST-2,sentiment_analysis,an unclassifiably awful study in self - and audience-abuse .,,,negative
N108,CommonsenseQA,question_answering,"James decided that competing was the right choice.   Not competing has a defined outcome, but if he competes then what could happen?",,"{""label"": [""A"", ""B"", ""C"", ""D"", ""E""], ""text"": [""might win"", ""perform better"", ""enemies"", ""winners and losers"", ""lose""]}",A
N109,SST-2,sentiment_analysis,"at the very least , if you do n't know anything about derrida when you walk into the theater , you wo n't know much more when you leave .",,,negative
N110,CommonsenseQA,question_answering,What do most companies not want to have relative to demand?,,"{""label"": [""A"", ""B"", ""C"", ""D"", ""E""], ""text"": [""oversupply"", ""plentitude"", ""stockpile"", ""superabundance"", ""busy""]}",A
N111,SST-2,sentiment_analysis,reign of fire looks as if it was made without much thought -- and is best watched that way .,,,negative
N112,SST-2,sentiment_analysis,"instead of a hyperbolic beat-charged urban western , it 's an unpretentious , sociologically pointed slice of life .",,,positive
N113,SST-2,sentiment_analysis,an unwise amalgam of broadcast news and vibes .,,,negative
N114,CommonsenseQA,question_answering,James was meeting a friend.  They had planed a slow day. They didn't want to do much.  They just wanted what?,,"{""label"": [""A"", ""B"", ""C"", ""D"", ""E""], ""text"": [""relaxation"", ""panic"", ""alarm"", ""joy"", ""cheer""]}",A
N115,SST-2,sentiment_analysis,the end result is a film that 's neither .,,,negative
N116,SST-2,sentiment_analysis,"despite its title , punch-drunk love is never heavy-handed .",,,positive
N117,SST-2,sentiment_analysis,"jason x is positively anti-darwinian : nine sequels and 400 years later , the teens are none the wiser and jason still kills on auto-pilot .",,,negative
N118,CommonsenseQA,question_answering,"Dan was a farmer with just one heifer.  But that was okay, he only kept her for milk, and he didn't think he'd find good farmland in a place as cold as where?",,"{""label"": [""A"", ""B"", ""C"", ""D"", ""E""], ""text"": [""arizona"", ""farm yard"", ""michigan"", ""german field"", ""dairy farm""]}",C
N119,CommonsenseQA,question_answering,"The man in the white suit was very lazy.  He did nothing useful.  Meanwhile, the ban in the blue had put in effort and was very what?",,"{""label"": [""A"", ""B"", ""C"", ""D"", ""E""], ""text"": [""restless"", ""active"", ""lazybutt"", ""productive"", ""hard work""]}",D
N120,QNLI,natural_language_inference,How many vector equations did Heaviside and Gibbs reformilate Maxwell's 20 scalar equtions into?,"The origin of electric and magnetic fields would not be fully explained until 1864 when James Clerk Maxwell unified a number of earlier theories into a set of 20 scalar equations, which were later reformulated into 4 vector equations by Oliver Heaviside and Josiah Willard Gibbs.",,entailment
N121,SST-2,sentiment_analysis,"it does nothing new with the old story , except to show fisticuffs in this sort of stop-go slow motion that makes the gang rumbles look like they 're being streamed over a 28k modem .",,,negative
N122,SST-2,sentiment_analysis,"the movie , directed by mick jackson , leaves no cliche unturned , from the predictable plot to the characters straight out of central casting .",,,negative
N123,CommonsenseQA,question_answering,"Brad tried to arise from bed but he could not.  Instead, he just continued to do what?",,"{""label"": [""A"", ""B"", ""C"", ""D"", ""E""], ""text"": [""go down"", ""fall down"", ""lie down"", ""lie to himself"", ""sit down""]}",C
N124,SST-2,sentiment_analysis,"sit through this one , and you wo n't need a magic watch to stop time ; your dvd player will do it for you .",,,negative
N125,CommonsenseQA,question_answering,Paul wants carrots and doesn't need to drive anywhere. He gets them from where?,,"{""label"": [""A"", ""B"", ""C"", ""D"", ""E""], ""text"": [""refrigerator"", ""store"", ""farmer's market"", ""supermarket"", ""dryer""]}",A
N126,QNLI,natural_language_inference,Which sculpture by Rodin was not donated by the artist?,"Rodin is represented by more than 20 works in the museum collection, making it one of the largest collections of the sculptor's work outside France; these were given to the museum by the sculptor in 1914, as acknowledgement of Britain's support of France in World War I, although the statue of St John the Baptist had been purchased in 1902 by public subscription.",,entailment
N127,SST-2,sentiment_analysis,i am sorry that i was unable to get the full brunt of the comedy .,,,negative
N128,QNLI,natural_language_inference,Interest groups and government agencies that were concerned with energy were no match for who?,"In the United States, scholars argue that there already existed a negotiated settlement based on equality between both parties prior to 1973.",,not_entailment
N129,SST-2,sentiment_analysis,the story and the friendship proceeds in such a way that you 're watching a soap opera rather than a chronicle of the ups and downs that accompany lifelong friendships .,,,negative
N130,CommonsenseQA,question_answering,"John didn't mind getting in line.  It was what game after that he hated.  The time, the sore feet. He did not like doing what?",,"{""label"": [""A"", ""B"", ""C"", ""D"", ""E""], ""text"": [""have to wait for"", ""standing in line"", ""eat cake"", ""less confusion"", ""being ordered""]}",B
N131,CommonsenseQA,question_answering,"James was someone who was caught in his own delusions.  To him, the truth didn't do what what?",,"{""label"": [""A"", ""B"", ""C"", ""D"", ""E""], ""text"": [""work to advantage"", ""matter to"", ""help"", ""free mind"", ""further knowledge""]}",B
N132,CommonsenseQA,question_answering,Where can a human find clothes that aren't pants?,,"{""label"": [""A"", ""B"", ""C"", ""D"", ""E""], ""text"": [""pants shop"", ""on planet earth"", ""dress shop"", ""school"", ""train wreck""]}",C
N133,CommonsenseQA,question_answering,What is a place that usually does not have an elevator and that sometimes has a telephone book?,,"{""label"": [""A"", ""B"", ""C"", ""D"", ""E""], ""text"": [""at hotel"", ""kitchen"", ""library"", ""telephone booth"", ""house""]}",D
N134,CommonsenseQA,question_answering,If not in a stream but in a market where will you find fish?,,"{""label"": [""A"", ""B"", ""C"", ""D"", ""E""], ""text"": [""stream"", ""aquarium"", ""refrigerator"", ""boat ride"", ""market""]}",E
N135,SST-2,sentiment_analysis,"scores no points for originality , wit , or intelligence .",,,negative
N136,SST-2,sentiment_analysis,two hours fly by -- opera 's a pleasure when you do n't have to endure intermissions -- and even a novice to the form comes away exhilarated .,,,positive
N137,SST-2,sentiment_analysis,"... an otherwise intense , twist-and-turn thriller that certainly should n't hurt talented young gaghan 's resume .",,,positive
N138,SST-2,sentiment_analysis,no way i can believe this load of junk .,,,negative
N139,SST-2,sentiment_analysis,"and if you 're not nearly moved to tears by a couple of scenes , you 've got ice water in your veins .",,,positive
N140,CommonsenseQA,question_answering,How are the conditions for someone who is living in a homeless shelter?,,"{""label"": [""A"", ""B"", ""C"", ""D"", ""E""], ""text"": [""sometimes bad"", ""happy"", ""respiration"", ""growing older"", ""death""]}",A
N141,SST-2,sentiment_analysis,the structure the film takes may find matt damon and ben affleck once again looking for residuals as this officially completes a good will hunting trilogy that was never planned .,,,negative
N142,CommonsenseQA,question_answering,Where is a ferret unlikely to be?,,"{""label"": [""A"", ""B"", ""C"", ""D"", ""E""], ""text"": [""classroom"", ""outdoors"", ""aquarium"", ""north carolina"", ""great britain""]}",C
N143,SST-2,sentiment_analysis,"this is an egotistical endeavor from the daughter of horror director dario argento ( a producer here ) , but her raw performance and utter fearlessness make it strangely magnetic .",,,positive
N144,SST-2,sentiment_analysis,a taut psychological thriller that does n't waste a moment of its two-hour running time .,,,positive
N145,CommonsenseQA,question_answering,What has a shelf that does not allow you to see what is inside of it?,,"{""label"": [""A"", ""B"", ""C"", ""D"", ""E""], ""text"": [""chest of drawers"", ""stove"", ""hold alcohol"", ""bookcase"", ""grocery store""]}",A
N146,CommonsenseQA,question_answering,"Sam wasn't lying, but he left out important details. He was being what?",,"{""label"": [""A"", ""B"", ""C"", ""D"", ""E""], ""text"": [""dishonesty"", ""deceitful"", ""imagination"", ""deceptive"", ""poker face""]}",D
N147,CommonsenseQA,question_answering,"Eating is part of living, but your body doesn't use it all and the next day you will be doing what?",,"{""label"": [""A"", ""B"", ""C"", ""D"", ""E""], ""text"": [""reduced"", ""getting full"", ""becoming full"", ""chewing"", ""defecating""]}",E
N148,SST-2,sentiment_analysis,a wildly inconsistent emotional experience .,,,negative
N149,CommonsenseQA,question_answering,If a person isn't able to pay their bills what must they do?,,"{""label"": [""A"", ""B"", ""C"", ""D"", ""E""], ""text"": [""know everything"", ""acknowledgment"", ""make more money"", ""throw a party"", ""spare time""]}",C
N150,SST-2,sentiment_analysis,a marvel like none you 've seen .,,,positive
N151,SST-2,sentiment_analysis,"looking aristocratic , luminous yet careworn in jane hamilton 's exemplary costumes , rampling gives a performance that could not be improved upon . '",,,positive
N152,SST-2,sentiment_analysis,"immersing us in the endlessly inventive , fiercely competitive world of hip-hop djs , the project is sensational and revelatory , even if scratching makes you itch .",,,positive
N153,CommonsenseQA,question_answering,At a shop what can you buy to put your spare unused things?,,"{""label"": [""A"", ""B"", ""C"", ""D"", ""E""], ""text"": [""basement"", ""cardboard box"", ""ocean floor"", ""high school"", ""container""]}",B
N154,QNLI,natural_language_inference,In what magazine did Tesla talk about reflecting electricity off of submarine's hulls?,"Tesla was incorrect in his assumption that high frequency radio waves would penetrate water but Émile Girardeau, who helped develop France's first radar system in the 1930s, noted in 1953 that Tesla's general speculation that a very strong high frequency signal would be needed was correct stating ""(Tesla) was prophesying or dreaming, since he had at his disposal no means of carrying them out, but one must add that if he was dreaming, at least he was dreaming correctly."":266",,not_entailment
N155,SST-2,sentiment_analysis,"for all its impressive craftsmanship , and despite an overbearing series of third-act crescendos , lily chou-chou never really builds up a head of emotional steam .",,,negative
N156,SST-2,sentiment_analysis,"a lackluster , unessential sequel to the classic disney adaptation of j.m. barrie 's peter pan .",,,negative
N157,SST-2,sentiment_analysis,not since tom cruise in risky business has an actor made such a strong impression in his underwear .,,,positive
N158,SST-2,sentiment_analysis,the best that can be said about the work here of scottish director ritchie ... is that he obviously does n't have his heart in it .,,,negative
N159,SST-2,sentiment_analysis,"it 's so mediocre , despite the dynamic duo on the marquee , that we just ca n't get no satisfaction .",,,negative
N160,SST-2,sentiment_analysis,"it does n't believe in itself , it has no sense of humor ... it 's just plain bored .",,,negative
N161,CommonsenseQA,question_answering,The kids didn't clean up after they had done what?,,"{""label"": [""A"", ""B"", ""C"", ""D"", ""E""], ""text"": [""learn things"", ""play games"", ""disneyland"", ""play with toys"", ""talking""]}",D
N162,CommonsenseQA,question_answering,Joe and Jill didn't want their children to be sedentary.  They might limit the time they children spend doing what?,,"{""label"": [""A"", ""B"", ""C"", ""D"", ""E""], ""text"": [""play sports"", ""throw things"", ""reading"", ""watch tv"", ""play with toys""]}",D
N163,SST-2,sentiment_analysis,"if looking for a thrilling sci-fi cinematic ride , do n't settle for this imposter .",,,negative
N164,CommonsenseQA,question_answering,Sally thought that competing wasn't worth the risk. If she pushed more what might happen?,,"{""label"": [""A"", ""B"", ""C"", ""D"", ""E""], ""text"": [""pressure"", ""trying harder"", ""put harder"", ""enemies"", ""death""]}",D
N165,SST-2,sentiment_analysis,"nothing 's at stake , just a twisty double-cross you can smell a mile away -- still , the derivative nine queens is lots of fun .",,,positive
N166,SST-2,sentiment_analysis,"moody , heartbreaking , and filmed in a natural , unforced style that makes its characters seem entirely convincing even when its script is not .",,,positive
N167,CommonsenseQA,question_answering,Where can you go to use a piano in your neighborhood if you don't have one?,,"{""label"": [""A"", ""B"", ""C"", ""D"", ""E""], ""text"": [""music school"", ""music store"", ""neighbor's house"", ""lunch"", ""drawing room""]}",A
N168,SST-2,sentiment_analysis,late marriage 's stiffness is unlikely to demonstrate the emotional clout to sweep u.s. viewers off their feet .,,,negative
N169,SST-2,sentiment_analysis,the experience of going to a film festival is a rewarding one ; the experiencing of sampling one through this movie is not .,,,negative
N170,CommonsenseQA,question_answering,"There was more than one bum asking for change or a ticket, it was the cheapest way to travel so it was no surprise sight at the what?",,"{""label"": [""A"", ""B"", ""C"", ""D"", ""E""], ""text"": [""train station"", ""beach"", ""bus depot"", ""bridge"", ""stumblebum""]}",C
N171,QNLI,natural_language_inference,What was the name of the blind date concept program debuted by ABC in 1966?,"In December of that year, the ABC television network premiered The Dating Game, a pioneer series in its genre, which was a reworking of the blind date concept in which a suitor selected one of three contestants sight unseen based on the answers to selected questions.",,entailment
N172,SST-2,sentiment_analysis,"for all its technical virtuosity , the film is so mired in juvenile and near-xenophobic pedagogy that it 's enough to make one pine for the day when godard can no longer handle the rigors of filmmaking .",,,negative
N173,SST-2,sentiment_analysis,"it 's just disappointingly superficial -- a movie that has all the elements necessary to be a fascinating , involving character study , but never does more than scratch the surface .",,,negative
N174,SST-2,sentiment_analysis,"without ever becoming didactic , director carlos carrera expertly weaves this novelistic story of entangled interrelationships and complex morality .",,,positive
N175,CommonsenseQA,question_answering,People do many things to alleviate boredom.  If you can't get out of the house you might decide to do what?,,"{""label"": [""A"", ""B"", ""C"", ""D"", ""E""], ""text"": [""play cards"", ""skateboard"", ""meet interesting people"", ""listen to music"", ""go to a concert""]}",D
N176,SST-2,sentiment_analysis,"in the end , we are left with something like two ships passing in the night rather than any insights into gay love , chinese society or the price one pays for being dishonest .",,,negative
N177,SST-2,sentiment_analysis,there 's not enough here to justify the almost two hours .,,,negative
N178,QNLI,natural_language_inference,Who along with Russia supported post WW-II communist movements?,"The Soviet Union and the People’s Republic of China supported post–World War II communist movements in foreign nations and colonies to advance their own interests, but were not always successful.",,entailment
N179,SST-2,sentiment_analysis,makes for a pretty unpleasant viewing experience .,,,negative
N180,SST-2,sentiment_analysis,you wonder why enough was n't just a music video rather than a full-length movie .,,,negative
N181,SST-2,sentiment_analysis,"nelson 's brutally unsentimental approach ... sucks the humanity from the film , leaving behind an horrific but weirdly unemotional spectacle .",,,negative
N182,SST-2,sentiment_analysis,"the movie is dawn of the dead crossed with john carpenter 's ghosts of mars , with zombies not as ghoulish as the first and trains not as big as the second .",,,negative
N183,SST-2,sentiment_analysis,"his comedy premises are often hackneyed or just plain crude , calculated to provoke shocked laughter , without following up on a deeper level .",,,negative
N184,CommonsenseQA,question_answering,Why do people read non fiction?,,"{""label"": [""A"", ""B"", ""C"", ""D"", ""E""], ""text"": [""having fun"", ""it's more relatable"", ""learn new things"", ""becoming absorbed"", ""falling asleep""]}",C
N185,CommonsenseQA,question_answering,John and James are idiots. They bought two tickets to the Falcons vs the Jets even though neither wanted to see the what?,,"{""label"": [""A"", ""B"", ""C"", ""D"", ""E""], ""text"": [""internet cafe"", ""sporting event"", ""pressing wrong buttons"", ""obesity"", ""hockey game""]}",B
N186,SST-2,sentiment_analysis,this is a train wreck of an action film -- a stupefying attempt by the filmmakers to force-feed james bond into the mindless xxx mold and throw 40 years of cinematic history down the toilet in favor of bright flashes and loud bangs .,,,negative
N187,SST-2,sentiment_analysis,"based on a devilishly witty script by heather mcgowan and niels mueller , the film gets great laughs , but never at the expense of its characters",,,positive
N188,SST-2,sentiment_analysis,"a fitfully amusing romp that , if nothing else , will appeal to fans of malcolm in the middle and its pubescent star , frankie muniz .",,,positive
N189,CommonsenseQA,question_answering,"The buildings were intended to not have residential kitchens in them, what were they designed for?",,"{""label"": [""A"", ""B"", ""C"", ""D"", ""E""], ""text"": [""large city"", ""small"", ""eat cake"", ""university"", ""town""]}",D
N190,SST-2,sentiment_analysis,"byler reveals his characters in a way that intrigues and even fascinates us , and he never reduces the situation to simple melodrama .",,,positive
N191,QNLI,natural_language_inference,Where did Jebe die?,"The famous cavalry expedition led by Subutai and Jebe, in which they encircled the entire Caspian Sea defeating all armies in their path, remains unparalleled to this day, and word of the Mongol triumphs began to trickle to other nations, particularly Europe.",,not_entailment
N192,CommonsenseQA,question_answering,"She feared that she had cancer, but upon discovering truth that she hadn't, what was her attitude toward life?",,"{""label"": [""A"", ""B"", ""C"", ""D"", ""E""], ""text"": [""conclusion"", ""pain"", ""happiness"", ""relief"", ""boring""]}",D
N193,CommonsenseQA,question_answering,"They were never going to be big actors, but they all had passion for the local what?",,"{""label"": [""A"", ""B"", ""C"", ""D"", ""E""], ""text"": [""theater"", ""opera"", ""show"", ""television"", ""blockbuster feature""]}",A
N194,CommonsenseQA,question_answering,"The child didn't know the problems his mother was going through, all he had was what for her?",,"{""label"": [""A"", ""B"", ""C"", ""D"", ""E""], ""text"": [""care"", ""balloon"", ""loved"", ""become adult"", ""learn""]}",A
N195,CommonsenseQA,question_answering,Where would a person live if they wanted no neighbors?,,"{""label"": [""A"", ""B"", ""C"", ""D"", ""E""], ""text"": [""housing estate"", ""neighborhood"", ""mars"", ""woods"", ""suburbs""]}",D
N196,CommonsenseQA,question_answering,Where would you get a toothpick if you do not have any?,,"{""label"": [""A"", ""B"", ""C"", ""D"", ""E""], ""text"": [""box"", ""grocery store"", ""eyes"", ""chewing"", ""mouth""]}",B
N197,SST-2,sentiment_analysis,it 's made with deftly unsettling genre flair .,,,positive
N198,SST-2,sentiment_analysis,fresnadillo 's dark and jolting images have a way of plying into your subconscious like the nightmare you had a week ago that wo n't go away .,,,positive
N199,CommonsenseQA,question_answering,"Stark was just having fun, and he wasn't hurting anyone.  What might have he been doing?",,"{""label"": [""A"", ""B"", ""C"", ""D"", ""E""], ""text"": [""painting his nails"", ""playing marbles"", ""constructing"", ""need for rest"", ""wild ride""]}",B
N200,SST-2,sentiment_analysis,no telegraphing is too obvious or simplistic for this movie .,,,negative
N201,QNLI,natural_language_inference,What happens if a member doesn't vote the party line?,"Errant members can be deselected as official party candidates during future elections, and, in serious cases, may be expelled from their parties outright.",,entailment
N202,CommonsenseQA,question_answering,A supermarket is uncommon in what type of collection of shops?,,"{""label"": [""A"", ""B"", ""C"", ""D"", ""E""], ""text"": [""strip mall"", ""city or town"", ""shoppingcentre"", ""boutique"", ""vermont""]}",D
N203,CommonsenseQA,question_answering,"Danny found that the carpet did not ,match the drapes, which was disappointing, because this place was expensive.  But it was the only place in town that wasn't booked solid for the week and he needed it while he was in town, so he couldn't complain.   Where might this place be?",,"{""label"": [""A"", ""B"", ""C"", ""D"", ""E""], ""text"": [""brothel"", ""restaurant"", ""building"", ""bowling alley"", ""at hotel""]}",E
N204,SST-2,sentiment_analysis,"it has charm to spare , and unlike many romantic comedies , it does not alienate either gender in the audience .",,,positive
N205,CommonsenseQA,question_answering,What will you do if you do not want to settle in one place?,,"{""label"": [""A"", ""B"", ""C"", ""D"", ""E""], ""text"": [""walk"", ""agitate"", ""wander"", ""remove"", ""disturb""]}",C
N206,CommonsenseQA,question_answering,"The electrode wouldn't spark, it turned out that the what hadn't been connected?",,"{""label"": [""A"", ""B"", ""C"", ""D"", ""E""], ""text"": [""battery"", ""electronic equipment"", ""electrolytic cell"", ""charge"", ""tube""]}",A
N207,CommonsenseQA,question_answering,What can happen if you are buying products that someone else does not want you to buy?,,"{""label"": [""A"", ""B"", ""C"", ""D"", ""E""], ""text"": [""joy"", ""disagreements"", ""agony"", ""pleasure"", ""owning""]}",B
N208,SST-2,sentiment_analysis,"... mafia , rap stars and hood rats butt their ugly heads in a regurgitation of cinematic violence that gives brutal birth to an unlikely , but likable , hero . '",,,negative
N209,CommonsenseQA,question_answering,If you aren't well rested and it's a rainy day what might you do?,,"{""label"": [""A"", ""B"", ""C"", ""D"", ""E""], ""text"": [""sleep"", ""write"", ""make bread"", ""stay in bed"", ""enjoy film""]}",D
N210,SST-2,sentiment_analysis,"not only unfunny , but downright repellent .",,,negative
N211,SST-2,sentiment_analysis,`` the time machine '' is a movie that has no interest in itself .,,,negative
N212,QNLI,natural_language_inference,Who decided not to approve paying for renovations at Sun Life Stadium that the league wanted for them to do to host Super Bowl 50?,"However, on May 3, 2013, the Florida legislature refused to approve the funding plan to pay for the renovations, dealing a significant blow to Miami's chances.",,entailment
N213,SST-2,sentiment_analysis,it 's not the ultimate depression-era gangster movie .,,,negative
N214,SST-2,sentiment_analysis,"it 's dumb , but more importantly , it 's just not scary .",,,negative
N215,SST-2,sentiment_analysis,"belongs to daniel day-lewis as much as it belongs to martin scorsese ; it 's a memorable performance in a big , brassy , disturbing , unusual and highly successful film .",,,positive
N216,SST-2,sentiment_analysis,"the words , ` frankly , my dear , i do n't give a damn , ' have never been more appropriate .",,,negative
N217,CommonsenseQA,question_answering,During a shark filled tornado where should you not be?,,"{""label"": [""A"", ""B"", ""C"", ""D"", ""E""], ""text"": [""marine museum"", ""pool hall"", ""noodle house"", ""bad movie"", ""outside""]}",E
N218,CommonsenseQA,question_answering,Danny is having fun just dancing and singing with his friends. He wasn't concerned with things that weren't fun. For him having fun is the same as what?,,"{""label"": [""A"", ""B"", ""C"", ""D"", ""E""], ""text"": [""injuries"", ""smiling"", ""being happy"", ""glee"", ""jump""]}",C
N219,CommonsenseQA,question_answering,"George checked the rotor of the Apache, which wasn't powered by internal combustion, but by what?",,"{""label"": [""A"", ""B"", ""C"", ""D"", ""E""], ""text"": [""jet engine"", ""helicopter"", ""electric motor"", ""rotator"", ""electrical circuit""]}",C
N220,SST-2,sentiment_analysis,"crackerjack entertainment -- nonstop romance , music , suspense and action .",,,positive
N221,SST-2,sentiment_analysis,"even if you do n't think ( kissinger 's ) any more guilty of criminal activity than most contemporary statesmen , he 'd sure make a courtroom trial great fun to watch .",,,positive
N222,SST-2,sentiment_analysis,montias ... pumps a lot of energy into his nicely nuanced narrative and surrounds himself with a cast of quirky -- but not stereotyped -- street characters .,,,positive
N223,SST-2,sentiment_analysis,scorsese does n't give us a character worth giving a damn about .,,,negative
N224,CommonsenseQA,question_answering,Why would you not trust your friends after chatting with friends?,,"{""label"": [""A"", ""B"", ""C"", ""D"", ""E""], ""text"": [""fever"", ""smoke"", ""laughing"", ""coughing"", ""lie""]}",E
N225,SST-2,sentiment_analysis,no screen fantasy-adventure in recent memory has the showmanship of clones ' last 45 minutes .,,,positive
N226,CommonsenseQA,question_answering,"If while driving to work another car makes a careless maneuver, what emotion might you feel?",,"{""label"": [""A"", ""B"", ""C"", ""D"", ""E""], ""text"": [""boredom"", ""happiness"", ""transportation cost"", ""getting there"", ""road rage""]}",E
N227,SST-2,sentiment_analysis,just not campy enough,,,negative
N228,SST-2,sentiment_analysis,"but taken as a stylish and energetic one-shot , the queen of the damned can not be said to suck .",,,positive
N229,SST-2,sentiment_analysis,"the volatile dynamics of female friendship is the subject of this unhurried , low-key film that is so off-hollywood that it seems positively french in its rhythms and resonance .",,,positive
N230,SST-2,sentiment_analysis,nothing in waking up in reno ever inspired me to think of its inhabitants as anything more than markers in a screenplay .,,,negative
N231,SST-2,sentiment_analysis,"despite the evocative aesthetics evincing the hollow state of modern love life , the film never percolates beyond a monotonous whine .",,,negative
N232,QNLI,natural_language_inference,Who did BSkyB team up with because it was not part of the consortium?,"While BSkyB had been excluded from being a part of the ONdigital consortium, thereby making them a competitor by default, BSkyB was able to join ITV Digital's free-to-air replacement, Freeview, in which it holds an equal stake with the BBC, ITV, Channel 4 and National Grid Wireless.",,entailment
N233,CommonsenseQA,question_answering,Where would you get some wood if you do not have any?,,"{""label"": [""A"", ""B"", ""C"", ""D"", ""E""], ""text"": [""carpet"", ""boat"", ""river"", ""lumberyard"", ""synagogue""]}",D
N234,SST-2,sentiment_analysis,"a full world has been presented onscreen , not some series of carefully structured plot points building to a pat resolution .",,,positive
N235,CommonsenseQA,question_answering,When not in use where on your property would you store you bucket?,,"{""label"": [""A"", ""B"", ""C"", ""D"", ""E""], ""text"": [""utility closet"", ""outside"", ""well"", ""garden shed"", ""garage""]}",D
N236,SST-2,sentiment_analysis,not since japanese filmmaker akira kurosawa 's ran have the savagery of combat and the specter of death been visualized with such operatic grandeur .,,,positive
N237,SST-2,sentiment_analysis,"there seems to be no clear path as to where the story 's going , or how long it 's going to take to get there .",,,negative
N238,SST-2,sentiment_analysis,"so unassuming and pure of heart , you ca n't help but warmly extend your arms and yell ` safe ! '",,,positive
N239,SST-2,sentiment_analysis,"an effectively creepy , fear-inducing ( not fear-reducing ) film from japanese director hideo nakata , who takes the superstitious curse on chain letters and actually applies it .",,,positive
N240,CommonsenseQA,question_answering,"Christine couldn't be having a baby at her age, she thought to herself. What was Christine?",,"{""label"": [""A"", ""B"", ""C"", ""D"", ""E""], ""text"": [""old person"", ""begin to talk"", ""adult"", ""old man"", ""girl""]}",A
N241,CommonsenseQA,question_answering,Where would you borrow furniture if you do not have any?,,"{""label"": [""A"", ""B"", ""C"", ""D"", ""E""], ""text"": [""sewer"", ""neighbor's house"", ""apartment"", ""room"", ""floor""]}",B
N242,CommonsenseQA,question_answering,"She asked her little boy why, he replied that he didn't know and it was just what?",,"{""label"": [""A"", ""B"", ""C"", ""D"", ""E""], ""text"": [""case"", ""reason"", ""how"", ""because"", ""answer""]}",D
N243,CommonsenseQA,question_answering,"If my husband never helps me doing housework, what might that lead to?",,"{""label"": [""A"", ""B"", ""C"", ""D"", ""E""], ""text"": [""boredom"", ""arguments"", ""headache"", ""exhaustion"", ""park""]}",B
N244,SST-2,sentiment_analysis,"very special effects , brilliantly bold colors and heightened reality ca n't hide the giant achilles ' heel in `` stuart little 2 `` : there 's just no story , folks .",,,negative
N245,CommonsenseQA,question_answering,"If I did not have a rosebush, where would I get one?",,"{""label"": [""A"", ""B"", ""C"", ""D"", ""E""], ""text"": [""pot"", ""museum"", ""garden center"", ""formal garden"", ""backyard""]}",C
N246,CommonsenseQA,question_answering,Boredom and hunger led to a wandering waste of time and a cart full of unhealthy snacks during her trip to where?,,"{""label"": [""A"", ""B"", ""C"", ""D"", ""E""], ""text"": [""new moon"", ""play cards"", ""read book"", ""see art"", ""grocery shop""]}",E
N247,SST-2,sentiment_analysis,no one but a convict guilty of some truly heinous crime should have to sit through the master of disguise .,,,negative
N248,CommonsenseQA,question_answering,"John and Judy were parents.  They had two wonderful kids who weren't always well behaved.  They were light tough, though.  They felt it was a parent's job to do what?",,"{""label"": [""A"", ""B"", ""C"", ""D"", ""E""], ""text"": [""control children"", ""guide children"", ""speak freely"", ""cry"", ""understand children""]}",B
N249,SST-2,sentiment_analysis,"visually imaginative , thematically instructive and thoroughly delightful , it takes us on a roller-coaster ride from innocence to experience without even a hint of that typical kiddie-flick sentimentality .",,,positive
N250,QNLI,natural_language_inference,What is the definition of agency as it relates to capabilities?,"Unlike neoliberalism, which “defines well-being as utility maximization”, economic growth and income are considered a means to an end rather than the end itself.",,not_entailment
N251,SST-2,sentiment_analysis,"i sympathize with the plight of these families , but the movie does n't do a very good job conveying the issue at hand .",,,negative
N252,CommonsenseQA,question_answering,Who is not famous for a superhighway with no speed limit?,,"{""label"": [""A"", ""B"", ""C"", ""D"", ""E""], ""text"": [""europe"", ""germany"", ""industrialized country"", ""city"", ""america""]}",E
N253,CommonsenseQA,question_answering,What can happen to you when you are using television and it is not interesting?,,"{""label"": [""A"", ""B"", ""C"", ""D"", ""E""], ""text"": [""turn off"", ""functions"", ""turning off"", ""entertainment"", ""fall asleep""]}",E
N254,SST-2,sentiment_analysis,"shaky close-ups of turkey-on-rolls , stubbly chins , liver spots , red noses and the filmmakers new bobbed do draw easy chuckles but lead nowhere .",,,negative
N255,CommonsenseQA,question_answering,"Sarah didn't like to play but she didn't want to be sedentary and bored, either, so she took up what?",,"{""label"": [""A"", ""B"", ""C"", ""D"", ""E""], ""text"": [""serious"", ""longplay"", ""musical"", ""eat cake"", ""doing nothing""]}",C
N256,CommonsenseQA,question_answering,"At the end of the day as he began to eat he paused and thanked her, it wasn't often she would what?",,"{""label"": [""A"", ""B"", ""C"", ""D"", ""E""], ""text"": [""cook dinner"", ""did chores"", ""make food"", ""stretch out"", ""get food""]}",A
N257,QNLI,natural_language_inference,Who lived in a tree to prevent it from being cut down as a form of civil disobedience?,"Julia Butterfly Hill lived in Luna, a 180-foot (55 m)-tall, 600-year-old California Redwood tree for 738 days, successfully preventing it from being cut down.",,entailment
N258,CommonsenseQA,question_answering,Where would you use a folding chair but not store one?,,"{""label"": [""A"", ""B"", ""C"", ""D"", ""E""], ""text"": [""beach"", ""city hall"", ""closet"", ""garage"", ""school""]}",A
N259,CommonsenseQA,question_answering,There's some new buying products designed to get you money if you have none. The first step is that it will show you how to declare what?,,"{""label"": [""A"", ""B"", ""C"", ""D"", ""E""], ""text"": [""tax return"", ""bankruptcy"", ""pleasure"", ""debt"", ""spending money""]}",B
N260,CommonsenseQA,question_answering,How would you express information if you do not have a pen or pencil?,,"{""label"": [""A"", ""B"", ""C"", ""D"", ""E""], ""text"": [""may disagree"", ""close mouth"", ""write down"", ""talk"", ""eyes""]}",D
N261,CommonsenseQA,question_answering,James need to use a toilet but there were no public ones in sight.  Eventually he broke down and did something very expensive so that he could get a toilet.  Where might he have gone?,,"{""label"": [""A"", ""B"", ""C"", ""D"", ""E""], ""text"": [""motel room"", ""apartment"", ""bathroom"", ""games"", ""house""]}",A
N262,CommonsenseQA,question_answering,What is unlikely to get bugs on its windshield due to bugs' inability to reach it when it is moving?,,"{""label"": [""A"", ""B"", ""C"", ""D"", ""E""], ""text"": [""airplane"", ""scooter"", ""motorboat"", ""car"", ""motor vehicle""]}",A
N263,CommonsenseQA,question_answering,"The person wasn't bothered by the weather, she had remembered to bring her what?",,"{""label"": [""A"", ""B"", ""C"", ""D"", ""E""], ""text"": [""read book"", ""own house"", ""apartment"", ""more rice"", ""warm coat""]}",E
N264,SST-2,sentiment_analysis,true tale of courage -- and complicity -- at auschwitz is a harrowing drama that tries to tell of the unspeakable .,,,positive
N265,CommonsenseQA,question_answering,"The janitor never had much to clean after services, but there was still always a paper or two to pick up where?",,"{""label"": [""A"", ""B"", ""C"", ""D"", ""E""], ""text"": [""synagogue"", ""front porch"", ""classroom"", ""obesity"", ""grocery store""]}",A
N266,CommonsenseQA,question_answering,Where would you get jewelry if you do not have any?,,"{""label"": [""A"", ""B"", ""C"", ""D"", ""E""], ""text"": [""vault"", ""suitcase"", ""neighbour's house"", ""department store"", ""safe deposit box""]}",D
N267,CommonsenseQA,question_answering,Where would you get a pen if you do not have one?,,"{""label"": [""A"", ""B"", ""C"", ""D"", ""E""], ""text"": [""briefcase"", ""desk drawer"", ""friend's house"", ""pocket"", ""sidewalk""]}",C
N268,QNLI,natural_language_inference,In what years did the show see audiences as high as 12 million?,"The first of these was the ""Dalekmania"" period (circa 1964–1965), when the popularity of the Daleks regularly brought Doctor Who ratings of between 9 and 14 million, even for stories which did not feature them.",,entailment
N269,SST-2,sentiment_analysis,"featuring a dangerously seductive performance from the great daniel auteuil , `` sade '' covers the same period as kaufmann 's `` quills '' with more unsettlingly realistic results .",,,positive
N270,SST-2,sentiment_analysis,"there is very little dread or apprehension , and though i like the creepy ideas , they are not executed with anything more than perfunctory skill .",,,negative
N271,SST-2,sentiment_analysis,"and the lesson , in the end , is nothing new .",,,negative
N272,CommonsenseQA,question_answering,"james told his son to settle down and be careful.  There were many frogs mating in the area, and James didn't want his son to do what to them?",,"{""label"": [""A"", ""B"", ""C"", ""D"", ""E""], ""text"": [""wander"", ""migrate"", ""scare"", ""disturb"", ""agitate""]}",D
N273,CommonsenseQA,question_answering,What do people do when they don't understand something?,,"{""label"": [""A"", ""B"", ""C"", ""D"", ""E""], ""text"": [""ask questions"", ""experience joy"", ""believe in god"", ""talk to each other"", ""get sick""]}",A
N274,CommonsenseQA,question_answering,If the wood texture is not smooth it is what?,,"{""label"": [""A"", ""B"", ""C"", ""D"", ""E""], ""text"": [""gilded"", ""porous"", ""solid"", ""painted"", ""less dense than water""]}",B
N275,CommonsenseQA,question_answering,"He kept plugging away in his cubicle, it seemed he was the only person not called into the what?",,"{""label"": [""A"", ""B"", ""C"", ""D"", ""E""], ""text"": [""building"", ""conference"", ""assessment"", ""demonstration"", ""garage""]}",B
N276,SST-2,sentiment_analysis,"the movie is what happens when you blow up small potatoes to 10 times their natural size , and it ai n't pretty .",,,negative
N277,SST-2,sentiment_analysis,even horror fans will most likely not find what they 're seeking with trouble every day ; the movie lacks both thrills and humor .,,,negative
N278,QNLI,natural_language_inference,What time did a river system develop in the Upper Rhine Graben?,"At that time, it did not yet carry discharge from the Alps; instead, the watersheds of the Rhone and Danube drained the northern flanks of the Alps.",,not_entailment
N279,SST-2,sentiment_analysis,"i 've always dreamed of attending cannes , but after seeing this film , it 's not that big a deal .",,,negative
N280,CommonsenseQA,question_answering,"The child felt like it was all pretend, he didn't understand what?",,"{""label"": [""A"", ""B"", ""C"", ""D"", ""E""], ""text"": [""people believe"", ""daydreams"", ""transcendentalism"", ""laughter"", ""religion""]}",E
N281,SST-2,sentiment_analysis,"his last movie was poetically romantic and full of indelible images , but his latest has nothing going for it .",,,negative
N282,SST-2,sentiment_analysis,"harrison 's flowers puts its heart in the right place , but its brains are in no particular place at all .",,,negative
N283,SST-2,sentiment_analysis,comes ... uncomfortably close to coasting in the treads of the bicycle thief .,,,negative
N284,CommonsenseQA,question_answering,What could you get an unsmooth pit from?,,"{""label"": [""A"", ""B"", ""C"", ""D"", ""E""], ""text"": [""backyard"", ""rock"", ""mine"", ""cherry"", ""peach""]}",E
N285,SST-2,sentiment_analysis,it 's a grab bag of genres that do n't add up to a whole lot of sense .,,,negative
N286,CommonsenseQA,question_answering,Where is likely to not just have a kosher restaurant?,,"{""label"": [""A"", ""B"", ""C"", ""D"", ""E""], ""text"": [""jerusalem"", ""jewish neighborhoods"", ""dining in"", ""new york city"", ""dining""]}",D
N287,QNLI,natural_language_inference,How many touchdowns did Manning have at the end of the game?,Manning finished the game 13 of 23 for 141 yards with one interception and zero touchdowns.,,entailment
N288,SST-2,sentiment_analysis,it 's refreshing to see a girl-power movie that does n't feel it has to prove anything .,,,positive
N289,SST-2,sentiment_analysis,burns never really harnesses to full effect the energetic cast .,,,negative
N290,SST-2,sentiment_analysis,the character of zigzag is not sufficiently developed to support a film constructed around him .,,,negative
N291,CommonsenseQA,question_answering,"She wanted to get in shape, but she couldn't stay focused on the hour long what?",,"{""label"": [""A"", ""B"", ""C"", ""D"", ""E""], ""text"": [""sweating"", ""excercise"", ""work out"", ""video"", ""swim""]}",C
N292,CommonsenseQA,question_answering,Where would using a boat not require navigation skills?,,"{""label"": [""A"", ""B"", ""C"", ""D"", ""E""], ""text"": [""water"", ""ocean"", ""garage"", ""harbor"", ""river""]}",C
N293,SST-2,sentiment_analysis,it 's one heck of a character study -- not of hearst or davies but of the unique relationship between them .,,,positive
N294,CommonsenseQA,question_answering,What would you do if your date does not show up?,,"{""label"": [""A"", ""B"", ""C"", ""D"", ""E""], ""text"": [""wait for"", ""bathe"", ""go for haircut"", ""plan revenge"", ""dress nice""]}",A
N295,SST-2,sentiment_analysis,"all the amped-up tony hawk-style stunts and thrashing rap-metal ca n't disguise the fact that , really , we 've been here , done that .",,,negative
N296,CommonsenseQA,question_answering,"The goal was to hit the target, but a projectile ball can't hit anything if it isn't in what?",,"{""label"": [""A"", ""B"", ""C"", ""D"", ""E""], ""text"": [""motion"", ""ocean"", ""flintlock"", ""arcade"", ""tennis court""]}",A
N297,QNLI,natural_language_inference,Who lives no longer on average than Greeks and New Zealanders?,"Americans live no longer on average (about 77 years in 2004) than Greeks (78 years) or New Zealanders (78), though the USA has a higher GDP per capita.",,entailment
N298,CommonsenseQA,question_answering,The planet Mercury is unsuitable for human life or what?,,"{""label"": [""A"", ""B"", ""C"", ""D"", ""E""], ""text"": [""toxic"", ""uninhabitable"", ""mercury sulphide"", ""poisonous"", ""jupiter""]}",B
N299,SST-2,sentiment_analysis,"impostor has a handful of thrilling moments and a couple of good performances , but the movie does n't quite fly .",,,negative
N300,CommonsenseQA,question_answering,What should everyone do who doesn't want to fight anymore?,,"{""label"": [""A"", ""B"", ""C"", ""D"", ""E""], ""text"": [""explicate"", ""pay tribute to king"", ""hope for peace"", ""wear shoes"", ""do well""]}",C
N301,CommonsenseQA,question_answering,James is carrying a duffel bag with him because he doesn't have a vehicle of his own and needs a bag to carry his things in while he uses what?,,"{""label"": [""A"", ""B"", ""C"", ""D"", ""E""], ""text"": [""library"", ""transit"", ""bus station"", ""army barracks"", ""locker room""]}",B
N302,CommonsenseQA,question_answering,The teacher doesn't tolerate noise during a test in their what?,,"{""label"": [""A"", ""B"", ""C"", ""D"", ""E""], ""text"": [""movie theatre"", ""bowling alley"", ""factory"", ""store"", ""classroom""]}",E
N303,CommonsenseQA,question_answering,Where would you store a pillow case that is not in use?,,"{""label"": [""A"", ""B"", ""C"", ""D"", ""E""], ""text"": [""kitchen cupboard"", ""bedding store"", ""england"", ""drawer"", ""bedroom""]}",D
N304,SST-2,sentiment_analysis,"samira makhmalbaf 's new film blackboards is much like the ethos of a stream of consciousness , although , it 's unfortunate for the viewer that the thoughts and reflections coming through are torpid and banal",,,negative
N305,SST-2,sentiment_analysis,"challenging , intermittently engrossing and unflaggingly creative .",,,positive
N306,CommonsenseQA,question_answering,"The kitten had nothing to dig it's claws into, so when it tried to stop it slid across what?",,"{""label"": [""A"", ""B"", ""C"", ""D"", ""E""], ""text"": [""living room"", ""floor"", ""warm place"", ""carpet"", ""farmhouse""]}",B
N307,SST-2,sentiment_analysis,a by-the-numbers effort that wo n't do much to enhance the franchise .,,,negative
N308,SST-2,sentiment_analysis,"it haunts you , you ca n't forget it , you admire its conception and are able to resolve some of the confusions you had while watching it .",,,positive
N309,CommonsenseQA,question_answering,What is likely to be found in a book that is not a foreword?,,"{""label"": [""A"", ""B"", ""C"", ""D"", ""E""], ""text"": [""last word"", ""conclusion"", ""ikea instructions"", ""afterword"", ""epilogue""]}",E
N310,SST-2,sentiment_analysis,the film 's few ideas are stretched to the point of evaporation ; the whole central section is one big chase that seems to have no goal and no urgency .,,,negative
N311,CommonsenseQA,question_answering,"The man  tried to break the glass in order to make his escape in time, but he could not.  The person in the cat, trying to kill him, did what?",,"{""label"": [""A"", ""B"", ""C"", ""D"", ""E""], ""text"": [""accelerate"", ""putting together"", ""working"", ""construct"", ""train""]}",A
N312,SST-2,sentiment_analysis,"in all , this is a watchable movie that 's not quite the memorable experience it might have been .",,,positive
N313,SST-2,sentiment_analysis,the terrific and bewilderingly underrated campbell scott gives a star performance that is nothing short of mesmerizing .,,,positive
N314,SST-2,sentiment_analysis,"it ca n't decide if it wants to be a mystery/thriller , a romance or a comedy .",,,negative
N315,CommonsenseQA,question_answering,"John was my neighbor, it was easy to talk to him. He was never what?",,"{""label"": [""A"", ""B"", ""C"", ""D"", ""E""], ""text"": [""away"", ""distant"", ""remote person"", ""bore"", ""foe""]}",B
N316,SST-2,sentiment_analysis,"a big , gorgeous , sprawling swashbuckler that delivers its diversions in grand , uncomplicated fashion .",,,positive
N317,QNLI,natural_language_inference,What was Sadat seeking by releasing Islamists from prison?,"This ""gentlemen's agreement"" between Sadat and Islamists broke down in 1975 but not before Islamists came to completely dominate university student unions.",,not_entailment
N318,CommonsenseQA,question_answering,"The butt was bare, and Sam couldn't stop staring at it.  It was very what?",,"{""label"": [""A"", ""B"", ""C"", ""D"", ""E""], ""text"": [""full"", ""ample"", ""covered"", ""bareword"", ""ample""]}",B
N319,SST-2,sentiment_analysis,"ultimately feels empty and unsatisfying , like swallowing a communion wafer without the wine .",,,negative
N320,SST-2,sentiment_analysis,do n't be fooled by the impressive cast list - eye see you is pure junk .,,,negative
N321,SST-2,sentiment_analysis,"it 's as if you 're watching a movie that was made in 1978 but not released then because it was so weak , and it has been unearthed and released now , when it has become even weaker .",,,negative
N322,CommonsenseQA,question_answering,"I couldn't find anybody who recalled the event, what were they adroit at doing?",,"{""label"": [""A"", ""B"", ""C"", ""D"", ""E""], ""text"": [""question authority"", ""act fool"", ""wash dishes"", ""act innocent"", ""forget""]}",E
N323,CommonsenseQA,question_answering,This is an unavoidable physiological consequence of running.  What is it?,,"{""label"": [""A"", ""B"", ""C"", ""D"", ""E""], ""text"": [""breathlessness"", ""increased heart rate"", ""falling down"", ""muscle bulk"", ""calluses""]}",B
N324,SST-2,sentiment_analysis,do not see this film .,,,negative
N325,CommonsenseQA,question_answering,"The fresh herbs, flowers, and vegetables will shrivel up if people don't do this?",,"{""label"": [""A"", ""B"", ""C"", ""D"", ""E""], ""text"": [""water plants"", ""believe in god"", ""drive to the nearest pool"", ""speaking english"", ""raise children""]}",A
N326,SST-2,sentiment_analysis,"with the exception of some fleetingly amusing improvisations by cedric the entertainer as perry 's boss , there is n't a redeeming moment here .",,,negative
N327,SST-2,sentiment_analysis,a great ensemble cast ca n't lift this heartfelt enterprise out of the familiar .,,,negative
N328,SST-2,sentiment_analysis,it offers little beyond the momentary joys of pretty and weightless intellectual entertainment .,,,negative
N329,CommonsenseQA,question_answering,"The child pretended he was reading newspaper, he couldn't actually do it without what?",,"{""label"": [""A"", ""B"", ""C"", ""D"", ""E""], ""text"": [""patience"", ""falling down"", ""literacy"", ""buying"", ""knowing how to read""]}",C
N330,SST-2,sentiment_analysis,"i do n't mind having my heartstrings pulled , but do n't treat me like a fool .",,,negative
N331,SST-2,sentiment_analysis,it 's everything you do n't go to the movies for .,,,negative
N332,SST-2,sentiment_analysis,there 's no emotional pulse to solaris .,,,negative
N333,CommonsenseQA,question_answering,What will happen to someone if his or her spirits cannot elevate?,,"{""label"": [""A"", ""B"", ""C"", ""D"", ""E""], ""text"": [""sadden"", ""demote"", ""depress"", ""drop"", ""decrease""]}",C
N334,SST-2,sentiment_analysis,a working class `` us vs. them '' opera that leaves no heartstring untugged and no liberal cause unplundered .,,,negative
N335,SST-2,sentiment_analysis,"all-in-all , the film is an enjoyable and frankly told tale of a people who live among us , but not necessarily with us .",,,positive
N336,CommonsenseQA,question_answering,Joe was thrown from his boat into the water.  The water was cold because it was the middle of winter and he cried out to his crew for help.  They couldn't hear him over the sound of the what?,,"{""label"": [""A"", ""B"", ""C"", ""D"", ""E""], ""text"": [""surface of earth"", ""teardrops"", ""snowflake"", ""typhoon"", ""motor""]}",E
N337,CommonsenseQA,question_answering,"He had no issue committing perjury, he had a what that he would get away with it?",,"{""label"": [""A"", ""B"", ""C"", ""D"", ""E""], ""text"": [""confidence"", ""go to jail"", ""telling lies"", ""lying"", ""manual""]}",A
N338,SST-2,sentiment_analysis,the subtle strength of `` elling '' is that it never loses touch with the reality of the grim situation .,,,positive
N339,CommonsenseQA,question_answering,The teacher thought that a ferret can be very mischievous and probably wouldn't make a great pet for the entire what?,,"{""label"": [""A"", ""B"", ""C"", ""D"", ""E""], ""text"": [""bad mood"", ""hutch"", ""classroom"", ""pair of trousers"", ""year""]}",C
N340,CommonsenseQA,question_answering,Because of his anger he couldn't clearly explain or what?,,"{""label"": [""A"", ""B"", ""C"", ""D"", ""E""], ""text"": [""cool off"", ""write letter"", ""get mad"", ""illustrate point"", ""destroy enemy""]}",D
N341,CommonsenseQA,question_answering,"While John Candy and Dan Aykroyd didn't run into a gazelle, you'd have to go where to see one?",,"{""label"": [""A"", ""B"", ""C"", ""D"", ""E""], ""text"": [""eastern hemisphere"", ""the city"", ""open plain"", ""television program"", ""great outdoors""]}",C
N342,SST-2,sentiment_analysis,"works hard to establish rounded characters , but then has nothing fresh or particularly interesting to say about them .",,,negative
N343,SST-2,sentiment_analysis,"the humor is n't as sharp , the effects not as innovative , nor the story as imaginative as in the original .",,,negative
N344,SST-2,sentiment_analysis,"still , as a visual treat , the film is almost unsurpassed .",,,positive
N345,CommonsenseQA,question_answering,James thought of criminal justice like a computer program.  It need to work right.   What ideas might James not like?,,"{""label"": [""A"", ""B"", ""C"", ""D"", ""E""], ""text"": [""manual"", ""process information"", ""power down"", ""control model"", ""reason exists""]}",A
N346,SST-2,sentiment_analysis,there is no pleasure in watching a child suffer .,,,negative
N347,CommonsenseQA,question_answering,Sam couldn't get back to sleep because of a dream he had.  It was a what?,,"{""label"": [""A"", ""B"", ""C"", ""D"", ""E""], ""text"": [""awake"", ""horror"", ""dreamworker"", ""reality"", ""nightmare""]}",E
N348,CommonsenseQA,question_answering,"His phone was dead and they couldn't find the expressway, he opened up the glove compartment and handed his passenger the what to navigate?",,"{""label"": [""A"", ""B"", ""C"", ""D"", ""E""], ""text"": [""eastern united states"", ""michigan"", ""map"", ""choppers"", ""american city""]}",C
N349,CommonsenseQA,question_answering,What is a very unlikely side effect of becoming inebriated?,,"{""label"": [""A"", ""B"", ""C"", ""D"", ""E""], ""text"": [""fights"", ""drunkenness"", ""staggering"", ""puke"", ""paralysis""]}",E
N350,SST-2,sentiment_analysis,"pumpkin takes an admirable look at the hypocrisy of political correctness , but it does so with such an uneven tone that you never know when humor ends and tragedy begins .",,,negative
N351,SST-2,sentiment_analysis,no aspirations to social import inform the movie version .,,,negative
N352,CommonsenseQA,question_answering,"The freeway had no traffic and few buildings, where is it?",,"{""label"": [""A"", ""B"", ""C"", ""D"", ""E""], ""text"": [""california"", ""countryside"", ""big town"", ""florida"", ""america""]}",B
N353,CommonsenseQA,question_answering,What are people likely to do when an unexpected decent outcome occurs?,,"{""label"": [""A"", ""B"", ""C"", ""D"", ""E""], ""text"": [""kill each other"", ""thank god"", ""experience pain"", ""hatred"", ""talk to each other""]}",B
N354,SST-2,sentiment_analysis,cq 's reflection of artists and the love of cinema-and-self suggests nothing less than a new voice that deserves to be considered as a possible successor to the best european directors .,,,positive
N355,SST-2,sentiment_analysis,the quality of the art combined with the humor and intelligence of the script allow the filmmakers to present the biblical message of forgiveness without it ever becoming preachy or syrupy .,,,positive
N356,SST-2,sentiment_analysis,"it 's so good that its relentless , polished wit can withstand not only inept school productions , but even oliver parker 's movie adaptation .",,,positive
N357,CommonsenseQA,question_answering,Where do you keep musical instrument so it doesn't get scratched?,,"{""label"": [""A"", ""B"", ""C"", ""D"", ""E""], ""text"": [""bank"", ""orchestra"", ""case"", ""music room"", ""movie""]}",C
N358,SST-2,sentiment_analysis,may reawaken discussion of the kennedy assassination but this fictional film looks made for cable rather than for the big screen .,,,negative
N359,SST-2,sentiment_analysis,nothing is sacred in this gut-buster .,,,positive
N360,SST-2,sentiment_analysis,"whether writer-director anne fontaine 's film is a ghost story , an account of a nervous breakdown , a trip down memory lane , all three or none of the above , it is as seductive as it is haunting .",,,positive
N361,SST-2,sentiment_analysis,"it 's not that kung pow is n't funny some of the time -- it just is n't any funnier than bad martial arts movies are all by themselves , without all oedekerk 's impish augmentation .",,,negative
N362,SST-2,sentiment_analysis,"there is n't nearly enough fun here , despite the presence of some appealing ingredients .",,,negative
N363,SST-2,sentiment_analysis,"too often , the viewer is n't reacting to humor so much as they are wincing back in repugnance .",,,negative
N364,CommonsenseQA,question_answering,James knew that he shouldn't have been buying beer for minors.  He didn't even get paid for it.  Why was this bad?,,"{""label"": [""A"", ""B"", ""C"", ""D"", ""E""], ""text"": [""lose money"", ""fun"", ""have no money"", ""broken law"", ""relaxation""]}",D
N365,SST-2,sentiment_analysis,"although german cooking does not come readily to mind when considering the world 's best cuisine , mostly martha could make deutchland a popular destination for hungry tourists .",,,positive
N366,QNLI,natural_language_inference,What are we unsure of about how chloroplasts make methionine precursors?,The chloroplast is known to make the precursors to methionine but it is unclear whether the organelle carries out the last leg of the pathway or if it happens in the cytosol.,,entailment
N367,QNLI,natural_language_inference,What did Luther try to avoid in setting up his church?,He also did not wish to replace one controlling system with another.,,entailment
N368,CommonsenseQA,question_answering,"The man tried to reply to the woman, but he had difficulty keeping track of conversations that he didn't do what to?",,"{""label"": [""A"", ""B"", ""C"", ""D"", ""E""], ""text"": [""initiate"", ""ignore"", ""question"", ""answer"", ""ask""]}",A
N369,CommonsenseQA,question_answering,What would not be true about a basketball if it had a hole in it but it did not lose its general shape?,,"{""label"": [""A"", ""B"", ""C"", ""D"", ""E""], ""text"": [""punctured"", ""popular in america"", ""full of air"", ""gone"", ""round""]}",C
N370,QNLI,natural_language_inference,How many bodies did Public Health England exhume?,Archaeologist Barney Sloane has argued that there is insufficient evidence of the extinction of a large number of rats in the archaeological record of the medieval waterfront in London and that the plague spread too quickly to support the thesis that the Y. pestis was spread from fleas on rats; he argues that transmission must have been person to person.,,not_entailment
N371,QNLI,natural_language_inference,How many touchdowns did Manning throw in the game?,Manning finished the game 13 of 23 for 141 yards with one interception and zero touchdowns.,,entailment
N372,CommonsenseQA,question_answering,Animals who have hair and don't lay eggs are what?,,"{""label"": [""A"", ""B"", ""C"", ""D"", ""E""], ""text"": [""reproduce asexually"", ""males"", ""mammals"", ""attack"", ""ocean""]}",C
N373,QNLI,natural_language_inference,What group of civil disobedients brought medicine to Iraq without the permission of the government?,"Some civil disobedients, such as the proprietors of illegal medical cannabis dispensaries and Voice in the Wilderness, which brought medicine to Iraq without the permission of the U.S. Government, directly achieve a desired social goal (such as the provision of medication to the sick) while openly breaking the law.",,entailment
N374,SST-2,sentiment_analysis,"whether you like rap music or loathe it , you ca n't deny either the tragic loss of two young men in the prime of their talent or the power of this movie .",,,positive
N375,CommonsenseQA,question_answering,What type of non-vegetarian soup is one likely to find a potato?,,"{""label"": [""A"", ""B"", ""C"", ""D"", ""E""], ""text"": [""beef stew"", ""own kitchen"", ""clam chowder"", ""kitchen cabinet"", ""pantry""]}",A
N376,CommonsenseQA,question_answering,"The guys had a regular poker game, rather than going to the movies this what their what?",,"{""label"": [""A"", ""B"", ""C"", ""D"", ""E""], ""text"": [""competition"", ""fun game"", ""losing money"", ""fun"", ""social event""]}",E
N377,CommonsenseQA,question_answering,Jodie felt a tightness in her chest. She was worried but didn't want to go to the hospital. Where might she go instead?,,"{""label"": [""A"", ""B"", ""C"", ""D"", ""E""], ""text"": [""istanbul"", ""concert"", ""bedroom"", ""antique shop"", ""human being""]}",C
N378,QNLI,natural_language_inference,Why did Westinghouse not secure a patent for a similar motor?,"Westinghouse looked into getting a patent on a similar commutator-less, rotating magnetic field-based induction motor presented in a paper in March 1888 by the Italian physicist Galileo Ferraris, but decided Tesla's patent would probably control the market.",,entailment
N379,CommonsenseQA,question_answering,"John went to a party that lasted all night.  Because of this, he didn't have time for what?",,"{""label"": [""A"", ""B"", ""C"", ""D"", ""E""], ""text"": [""meeting"", ""blowing off steam"", ""stay home"", ""partying hard"", ""studying""]}",E
N380,CommonsenseQA,question_answering,Where in your home would you keep a ballpoint pen when not in use?,,"{""label"": [""A"", ""B"", ""C"", ""D"", ""E""], ""text"": [""backpack"", ""bank"", ""desk drawer"", ""eat cake"", ""office desk""]}",C
N381,CommonsenseQA,question_answering,What happens when airplane engines cut off and are unable to be restarted in flight?,,"{""label"": [""A"", ""B"", ""C"", ""D"", ""E""], ""text"": [""stall"", ""start melting"", ""taxi"", ""crash"", ""speed up""]}",D
N382,CommonsenseQA,question_answering,Billy saw a dog running from him and did his best to get away from it.  The leaped up to where the dog couldn't reach and was stuck.  Where might he have been trapped?,,"{""label"": [""A"", ""B"", ""C"", ""D"", ""E""], ""text"": [""kennel"", ""table"", ""porch"", ""backyard"", ""park""]}",B
N383,SST-2,sentiment_analysis,not exactly the bees knees,,,negative
N384,CommonsenseQA,question_answering,Miss Grady took a stick from Bob because he was playing with it during class.  She wanted to make sure that he couldn't get to it so she put it where?,,"{""label"": [""A"", ""B"", ""C"", ""D"", ""E""], ""text"": [""desk drawer"", ""kitchen drawer"", ""classroom"", ""pocket"", ""office""]}",A
N385,CommonsenseQA,question_answering,Where would a person live that isn't in the metro area but still has good schools?,,"{""label"": [""A"", ""B"", ""C"", ""D"", ""E""], ""text"": [""woods"", ""bed"", ""suburbs"", ""rural"", ""neighborhood""]}",C
N386,SST-2,sentiment_analysis,too much of it feels unfocused and underdeveloped .,,,negative
N387,QNLI,natural_language_inference,What parts of a conventional reciprocating steam engine could be replaced by a pistonless rotary engine?,The major problem is the difficulty of sealing the rotors to make them steam-tight in the face of wear and thermal expansion; the resulting leakage made them very inefficient.,,not_entailment
N388,SST-2,sentiment_analysis,"it can not be enjoyed , even on the level that one enjoys a bad slasher flick , primarily because it is dull .",,,negative
N389,CommonsenseQA,question_answering,Why would a band be performing when there are no people nearby?,,"{""label"": [""A"", ""B"", ""C"", ""D"", ""E""], ""text"": [""record album"", ""play music"", ""hold concert"", ""blaring"", ""practice""]}",E
N390,CommonsenseQA,question_answering,Where can you put a picture frame when it's not hung vertically?,,"{""label"": [""A"", ""B"", ""C"", ""D"", ""E""], ""text"": [""art show"", ""wall"", ""newspaper"", ""car"", ""table""]}",E
N391,CommonsenseQA,question_answering,"The man didn't do great in college, all his best memories were late night with his brothers at the what?",,"{""label"": [""A"", ""B"", ""C"", ""D"", ""E""], ""text"": [""big city"", ""fraternity house"", ""school"", ""building"", ""big town""]}",B
N392,CommonsenseQA,question_answering,What will god never do according to religion?,,"{""label"": [""A"", ""B"", ""C"", ""D"", ""E""], ""text"": [""anything"", ""judge people"", ""work miracles"", ""judge men"", ""everywhere""]}",A
N393,SST-2,sentiment_analysis,"the film is quiet , threatening and unforgettable .",,,positive
N394,CommonsenseQA,question_answering,"More people should lower the guard and just have fun, we don't got long just what?",,"{""label"": [""A"", ""B"", ""C"", ""D"", ""E""], ""text"": [""enjoy living"", ""happy"", ""enjoyable"", ""get laid"", ""do enjoy""]}",A
N395,SST-2,sentiment_analysis,"care deftly captures the wonder and menace of growing up , but he never really embraces the joy of fuhrman 's destructive escapism or the grace-in-rebellion found by his characters .",,,negative
N396,SST-2,sentiment_analysis,"schaeffer has to find some hook on which to hang his persistently useless movies , and it might as well be the resuscitation of the middle-aged character .",,,negative
